,city,Temp,Humidity,Cloudiness,Wind,Country,Lat,Lon,Date
0,porirua,14.23,66.0,24.0,9.89,NZ,-41.1333,174.85,1653101463.0
1,itum-kale,6.91,87.0,36.0,1.95,RU,42.7356,45.5758,1653101463.0
2,nguiu,,,,,,,,
3,barentsburg,,,,,,,,
4,busselton,19.91,57.0,3.0,4.48,AU,-33.65,115.3333,1653101464.0
5,bredasdorp,10.02,84.0,37.0,2.74,ZA,-34.5322,20.0403,1653101464.0
6,port alfred,16.0,75.0,100.0,2.33,ZA,-33.5906,26.891,1653101465.0
7,kapaa,24.51,91.0,36.0,1.34,US,22.0752,-159.319,1653101465.0
8,sioux lookout,1.16,99.0,100.0,2.52,CA,50.1001,-91.917,1653101465.0
9,torbay,4.22,84.0,14.0,0.45,CA,47.6666,-52.7314,1653101466.0
10,hobart,11.14,76.0,11.0,0.45,AU,-42.8794,147.3294,1653101103.0
11,luderitz,10.13,72.0,0.0,4.4,NA,-26.6481,15.1594,1653101466.0
12,campo de criptana,18.59,45.0,93.0,7.78,ES,39.4046,-3.1249,1653101466.0
13,ust-maya,8.99,47.0,99.0,3.72,RU,60.4167,134.5333,1653101467.0
14,cayenne,23.94,1.0,100.0,4.9,GF,4.9333,-52.3333,1653101373.0
15,kirovskiy,24.22,41.0,100.0,3.01,RU,45.0917,133.5136,1653101467.0
16,klaksvik,8.94,96.0,100.0,5.64,FO,62.2266,-6.589,1653101467.0
17,mar del plata,10.53,81.0,95.0,0.89,AR,-38.0023,-57.5575,1653101350.0
18,sept-iles,8.36,76.0,100.0,0.89,CA,50.2001,-66.3821,1653101468.0
19,ouegoa,26.71,76.0,58.0,2.75,NC,-20.35,164.4333,1653101292.0
20,jamestown,21.72,86.0,100.0,1.34,US,42.097,-79.2353,1653101342.0
21,mahebourg,23.47,76.0,36.0,7.52,MU,-20.4081,57.7,1653101468.0
22,mersing,31.0,63.0,20.0,1.72,MY,2.4312,103.8405,1653101468.0
23,bluff,8.05,76.0,94.0,15.83,NZ,-46.6,168.3333,1653101469.0
24,punta arenas,5.06,93.0,100.0,4.07,CL,-53.15,-70.9167,1653101235.0
25,amderma,,,,,,,,
26,yulara,20.71,37.0,67.0,4.69,AU,-25.2406,130.9889,1653101469.0
27,labytnangi,4.28,46.0,100.0,7.62,RU,66.6572,66.4183,1653101470.0
28,vaini,24.69,73.0,98.0,4.61,TO,-21.2,-175.2,1653101470.0
29,castro,5.97,86.0,0.0,1.02,BR,-24.7911,-50.0119,1653101470.0
30,port moresby,29.48,66.0,27.0,4.3,PG,-9.4431,147.1797,1653101438.0
31,sola,27.64,76.0,76.0,5.28,VU,-13.8833,167.55,1653101471.0
32,ostrovnoy,0.32,65.0,99.0,3.08,RU,68.0531,39.5131,1653101471.0
33,yar-sale,0.31,86.0,100.0,8.77,RU,66.8333,70.8333,1653101471.0
34,mandalgovi,23.23,19.0,43.0,2.92,MN,45.7625,106.2708,1653101471.0
35,banda aceh,29.64,71.0,100.0,5.38,ID,5.5577,95.3222,1653101472.0
36,berbera,29.6,64.0,100.0,1.82,SO,10.4396,45.0143,1653101472.0
37,vardo,2.34,76.0,99.0,10.64,NO,70.3705,31.1107,1653101472.0
38,khatanga,5.74,73.0,100.0,5.75,RU,71.9667,102.5,1653101473.0
39,dashitou,22.9,39.0,92.0,7.07,CN,43.3067,128.5114,1653101473.0
40,new norfolk,10.95,57.0,10.0,0.44,AU,-42.7826,147.0587,1653101473.0
41,masumbwe,16.37,62.0,100.0,1.6,TZ,-3.6333,32.1833,1653101474.0
42,dakar,22.84,81.0,47.0,6.27,SN,14.6937,-17.4441,1653101474.0
43,mataura,6.3,90.0,100.0,6.62,NZ,-46.1927,168.8643,1653101474.0
44,tuatapere,8.01,82.0,98.0,9.9,NZ,-46.1333,167.6833,1653101409.0
45,tabou,25.15,89.0,100.0,3.24,CI,4.423,-7.3528,1653101475.0
46,kavieng,29.38,70.0,46.0,5.22,PG,-2.5744,150.7967,1653101475.0
47,qaanaaq,-10.53,87.0,97.0,2.05,GL,77.484,-69.3632,1653101475.0
48,albany,18.45,83.0,100.0,1.34,US,42.6001,-73.9662,1653101427.0
49,rikitea,23.41,77.0,7.0,3.41,PF,-23.1203,-134.9692,1653101251.0
50,vila franca do campo,19.0,88.0,100.0,1.87,PT,37.7167,-25.4333,1653101476.0
51,leo,25.17,71.0,19.0,3.02,BF,11.1,-2.1,1653101476.0
52,avarua,25.34,73.0,87.0,4.61,CK,-21.2078,-159.775,1653101476.0
53,faya,18.64,18.0,2.0,3.51,SA,18.3851,42.4509,1653101477.0
54,aklavik,5.99,81.0,90.0,4.91,CA,68.2191,-135.0107,1653101477.0
55,atuona,25.36,67.0,0.0,3.87,PF,-9.8,-139.0333,1653101400.0
56,esperance,20.47,54.0,25.0,2.09,AU,-33.8667,121.9,1653101477.0
57,mackay,21.49,84.0,92.0,8.45,AU,-21.15,149.2,1653101478.0
58,ushuaia,5.56,95.0,100.0,2.52,AR,-54.8,-68.3,1653101354.0
59,taolanaro,,,,,,,,
60,nuuk,1.41,80.0,100.0,1.83,GL,64.1835,-51.7216,1653101478.0
61,eha amufu,24.01,93.0,100.0,2.77,NG,6.6592,7.7596,1653101478.0
62,tazovskiy,1.65,98.0,100.0,2.43,RU,67.4667,78.7,1653101479.0
63,port elizabeth,13.51,99.0,100.0,0.89,ZA,-33.918,25.5701,1653101479.0
64,mount isa,25.35,45.0,0.0,7.04,AU,-20.7333,139.5,1653101479.0
65,thompson,1.69,76.0,100.0,4.43,CA,55.7435,-97.8558,1653101480.0
66,malwan,,,,,,,,
67,camargo,26.08,9.0,0.0,11.59,MX,27.6667,-105.1667,1653101480.0
68,carnarvon,23.17,46.0,0.0,2.07,AU,-24.8667,113.6333,1653101480.0
69,dunedin,9.33,63.0,100.0,6.71,NZ,-45.8742,170.5036,1653101411.0
70,gamba,23.81,90.0,90.0,2.36,GA,-2.65,10.0,1653101481.0
71,nikolskoye,5.49,71.0,61.0,2.19,RU,59.7035,30.7861,1653101481.0
72,dwarka,28.57,75.0,1.0,9.23,IN,22.2394,68.9678,1653101482.0
73,cherskiy,14.79,36.0,15.0,5.91,RU,68.75,161.3,1653101482.0
74,comodoro rivadavia,12.46,47.0,37.0,17.85,AR,-45.8667,-67.5,1653101482.0
75,isangel,26.93,83.0,25.0,10.05,VU,-19.55,169.2667,1653101482.0
76,kenai,9.76,64.0,98.0,3.93,US,60.5544,-151.2583,1653101483.0
77,nome,18.42,38.0,100.0,4.65,US,64.5011,-165.4064,1653101483.0
78,illoqqortoormiut,,,,,,,,
79,attawapiskat,,,,,,,,
80,puerto ayora,22.53,95.0,5.0,1.79,EC,-0.7393,-90.3518,1653101484.0
81,provideniya,9.14,56.0,64.0,4.16,RU,64.3833,-173.3,1653101484.0
82,saskylakh,0.37,97.0,90.0,3.66,RU,71.9167,114.0833,1653101484.0
83,flin flon,4.15,47.0,100.0,3.77,CA,54.7682,-101.865,1653101485.0
84,victoria,29.47,71.0,63.0,2.24,HK,22.2855,114.1577,1653101402.0
85,qaqortoq,2.78,82.0,8.0,1.22,GL,60.7167,-46.0333,1653101485.0
86,tshikapa,22.75,78.0,100.0,0.95,CD,-6.4167,20.8,1653101485.0
87,chalmette,27.36,74.0,0.0,1.79,US,29.9427,-89.9634,1653101486.0
88,marmaris,17.28,62.0,15.0,1.91,TR,36.855,28.2742,1653101486.0
89,leningradskiy,0.72,98.0,88.0,4.27,RU,69.3833,178.4167,1653101486.0
90,chokurdakh,1.95,100.0,89.0,3.19,RU,70.6333,147.9167,1653101486.0
91,butaritari,27.5,72.0,63.0,5.64,KI,3.0707,172.7902,1653101363.0
92,victor harbor,13.33,78.0,14.0,4.1,AU,-35.5667,138.6167,1653101487.0
93,chuy,8.82,87.0,44.0,2.75,UY,-33.6971,-53.4616,1653101487.0
94,hermanus,13.44,74.0,38.0,1.8,ZA,-34.4187,19.2345,1653101487.0
95,yellowknife,13.09,28.0,31.0,4.02,CA,62.456,-114.3525,1653101445.0
96,sorland,7.41,97.0,100.0,2.67,NO,67.667,12.6934,1653101488.0
97,pevek,0.95,99.0,86.0,2.66,RU,69.7008,170.3133,1653101488.0
98,cap malheureux,23.59,77.0,61.0,2.68,MU,-19.9842,57.6142,1653101488.0
99,mae sai,23.71,94.0,100.0,1.05,TH,20.4335,99.8762,1653101489.0
100,marystown,6.03,100.0,1.0,1.02,CA,47.1666,-55.1483,1653101489.0
101,payson,7.54,49.0,56.0,1.34,US,40.0444,-111.7321,1653101489.0
102,beloha,18.65,46.0,90.0,1.3,MG,-25.1667,45.05,1653101490.0
103,husavik,7.97,83.0,77.0,1.94,IS,66.0449,-17.3389,1653101490.0
104,betioky,17.05,64.0,49.0,2.31,MG,-23.7167,44.3833,1653101490.0
105,saint-philippe,18.95,84.0,36.0,5.04,RE,-21.3585,55.7679,1653101491.0
106,clyde river,-5.35,91.0,100.0,1.8,CA,70.4692,-68.5914,1653101491.0
107,zeya,12.69,57.0,82.0,4.81,RU,53.75,127.2667,1653101491.0
108,saint-pierre,18.99,78.0,0.0,4.79,RE,-21.3393,55.4781,1653101492.0
109,faanui,26.91,71.0,21.0,3.64,PF,-16.4833,-151.75,1653101492.0
110,mount gambier,15.32,48.0,5.0,2.66,AU,-37.8333,140.7667,1653101492.0
111,cape town,11.74,88.0,27.0,0.45,ZA,-33.9258,18.4232,1653101492.0
112,sirjan,23.69,14.0,0.0,0.29,IR,29.452,55.6814,1653101493.0
113,buritis,12.2,49.0,39.0,0.78,BR,-15.6178,-46.4233,1653101493.0
114,cabo san lucas,20.84,70.0,0.0,4.02,MX,22.8909,-109.9124,1653101468.0
115,belushya guba,,,,,,,,
116,ewa beach,26.67,80.0,63.0,3.58,US,21.3156,-158.0072,1653101330.0
117,berlevag,2.81,77.0,100.0,7.16,NO,70.8578,29.0864,1653101494.0
118,lhokseumawe,29.48,67.0,100.0,1.31,ID,5.1801,97.1507,1653101494.0
119,sentyabrskiy,,,,,,,,
120,wanning,29.21,71.0,98.0,2.26,CN,18.8003,110.3967,1653101494.0
121,tolentino,18.58,54.0,7.0,4.23,IT,43.2126,13.2901,1653101495.0
122,laguna,25.71,15.0,45.0,1.79,US,38.421,-121.4238,1653101495.0
123,fare,26.31,73.0,27.0,3.11,PF,-16.7,-151.0167,1653101495.0
124,tsihombe,,,,,,,,
125,katha,,,,,,,,
126,geraldton,21.92,49.0,0.0,1.16,AU,-28.7667,114.6,1653101496.0
127,tautira,26.2,71.0,3.0,3.11,PF,-17.7333,-149.15,1653101496.0
128,arraial do cabo,19.63,78.0,60.0,5.04,BR,-22.9661,-42.0278,1653101496.0
129,hilo,24.57,86.0,28.0,1.34,US,19.7297,-155.09,1653101497.0
130,bogorodskoye,3.1,75.0,82.0,1.53,RU,56.55,37.8833,1653101497.0
131,airai,23.72,48.0,74.0,2.61,TL,-8.9266,125.4092,1653101497.0
132,kalmunai,29.31,66.0,19.0,3.18,LK,7.4167,81.8167,1653101498.0
133,petropavlovsk-kamchatskiy,4.32,100.0,100.0,2.38,RU,53.0452,158.6483,1653101498.0
134,kathmandu,18.12,82.0,75.0,1.54,NP,27.7167,85.3167,1653101304.0
135,arman,5.01,99.0,100.0,2.0,RU,59.7,150.1667,1653101498.0
136,mrirt,,,,,,,,
137,marsh harbour,26.65,81.0,100.0,4.91,BS,26.5412,-77.0636,1653101499.0
138,escanaba,11.8,96.0,78.0,2.67,US,45.7453,-87.0646,1653101255.0
139,lyubim,1.27,71.0,72.0,1.97,RU,58.3625,40.6843,1653101499.0
140,kouroussa,24.13,77.0,53.0,3.14,GN,10.65,-9.8833,1653101499.0
141,urusha,16.48,30.0,36.0,3.98,RU,54.05,122.9,1653101500.0
142,fairbanks,22.7,25.0,9.0,0.45,US,64.8378,-147.7164,1653101262.0
143,georgetown,30.55,70.0,95.0,1.34,MY,5.4112,100.3354,1653101500.0
144,mehamn,2.44,91.0,100.0,5.4,NO,71.0357,27.8492,1653101500.0
145,tasiilaq,-1.99,80.0,5.0,2.82,GL,65.6145,-37.6368,1653101501.0
146,severo-kurilsk,6.4,89.0,100.0,6.52,RU,50.6789,156.125,1653101501.0
147,port-cartier,8.19,85.0,100.0,2.8,CA,50.0334,-66.8654,1653101501.0
148,dubbo,18.85,53.0,72.0,6.83,AU,-32.25,148.6167,1653101280.0
149,helena,4.57,69.0,77.0,0.89,US,46.5927,-112.0361,1653101211.0
150,asau,9.6,76.0,7.0,3.09,RO,46.4333,26.4,1653101502.0
151,mys shmidta,,,,,,,,
152,harper,25.29,87.0,100.0,3.44,LR,4.375,-7.7169,1653101502.0
153,narsaq,3.68,74.0,7.0,0.45,GL,60.9167,-46.05,1653101502.0
154,ponta do sol,17.65,81.0,1.0,1.82,PT,32.6667,-17.1,1653101503.0
155,sao joao da barra,17.16,84.0,0.0,4.18,BR,-21.6403,-41.0511,1653101503.0
156,los llanos de aridane,16.74,86.0,15.0,2.68,ES,28.6585,-17.9182,1653101503.0
157,champerico,27.76,75.0,89.0,0.97,GT,14.3,-91.9167,1653101504.0
158,codrington,15.07,55.0,5.0,3.17,AU,-38.2667,141.9667,1653101504.0
159,meridian,11.39,52.0,53.0,2.13,US,43.6121,-116.3915,1653101504.0
160,nanortalik,2.83,84.0,16.0,2.53,GL,60.1432,-45.2371,1653101505.0
161,ballina,17.1,82.0,100.0,6.14,AU,-28.8667,153.5667,1653101505.0
162,olafsvik,7.89,89.0,100.0,4.16,IS,64.8945,-23.7142,1653101505.0
163,khanpur,36.16,15.0,0.0,2.43,PK,28.6453,70.6567,1653101059.0
164,barao de melgaco,12.36,55.0,58.0,1.2,BR,-16.1944,-55.9675,1653101506.0
165,paamiut,1.33,84.0,89.0,3.97,GL,61.994,-49.6678,1653101506.0
166,port-gentil,25.69,84.0,100.0,5.6,GA,-0.7193,8.7815,1653101506.0
167,palabuhanratu,,,,,,,,
168,grand-lahou,25.24,90.0,100.0,2.68,CI,5.1367,-5.0242,1653101506.0
169,cidreira,11.93,84.0,5.0,2.51,BR,-30.1811,-50.2056,1653101507.0
170,antalaha,20.94,84.0,22.0,3.75,MG,-14.9003,50.2788,1653101507.0
171,ribeira grande,17.76,97.0,100.0,3.68,PT,38.5167,-28.7,1653101507.0
172,avera,23.29,55.0,77.0,3.67,US,33.194,-82.5271,1653101508.0
173,qitaihe,21.94,46.0,46.0,2.3,CN,45.8,130.85,1653101508.0
174,kaitangata,7.21,78.0,99.0,10.08,NZ,-46.2817,169.8464,1653101508.0
175,alofi,26.12,77.0,26.0,3.36,NU,-19.0595,-169.9187,1653101428.0
176,hualmay,18.0,91.0,66.0,4.26,PE,-11.0964,-77.6139,1653101509.0
177,nouadhibou,18.6,88.0,8.0,9.42,MR,20.931,-17.0347,1653101509.0
178,east london,16.39,71.0,100.0,3.6,ZA,-33.0153,27.9116,1653101299.0
179,saint george,18.22,12.0,1.0,3.13,US,37.1041,-113.5841,1653101509.0
180,dikson,-1.34,86.0,91.0,3.62,RU,73.5069,80.5464,1653101510.0
181,pacific grove,12.75,71.0,3.0,3.58,US,36.6177,-121.9166,1653101289.0
182,xacmaz,13.33,74.0,56.0,2.48,AZ,41.4635,48.806,1653101510.0
183,qasigiannguit,-3.11,82.0,100.0,2.11,GL,68.8193,-51.1922,1653101510.0
184,san patricio,26.76,81.0,3.0,10.11,US,28.017,-97.5169,1653101511.0
185,yeppoon,17.88,94.0,100.0,7.66,AU,-23.1333,150.7333,1653101511.0
186,longyearbyen,-0.13,91.0,100.0,3.01,SJ,78.2186,15.6401,1653101511.0
187,fortuna,12.41,77.0,3.0,1.79,US,40.5982,-124.1573,1653101310.0
188,uni,1.35,96.0,100.0,4.09,RU,57.7535,51.4923,1653101512.0
189,sao filipe,22.33,75.0,98.0,3.29,CV,14.8961,-24.4956,1653101512.0
190,ahipara,16.54,64.0,99.0,7.21,NZ,-35.1667,173.1667,1653101512.0
191,talcher,35.3,44.0,1.0,1.43,IN,20.95,85.2167,1653101226.0
192,grand river south east,,,,,,,,
193,coquimbo,15.94,74.0,100.0,1.59,CL,-29.9533,-71.3436,1653101346.0
194,abay,21.6,33.0,36.0,7.78,KZ,49.6311,72.8539,1653101513.0
195,boffa,26.39,88.0,99.0,1.97,GN,10.1667,-14.0333,1653101513.0
196,deputatskiy,-0.14,100.0,100.0,0.85,RU,69.3,139.9,1653101513.0
197,lagoa,16.64,98.0,100.0,5.9,PT,39.05,-27.9833,1653101514.0
198,nhulunbuy,29.85,59.0,8.0,6.77,AU,-12.2333,136.7667,1653101514.0
199,nelson bay,16.16,96.0,99.0,5.37,AU,-32.7167,152.15,1653101514.0
200,hasaki,22.38,68.0,100.0,5.11,JP,35.7333,140.8333,1653101515.0
201,tiksi,0.28,90.0,100.0,2.39,RU,71.6872,128.8694,1653101515.0
202,nyurba,14.55,52.0,100.0,1.97,RU,63.2842,118.3319,1653101515.0
203,san jose,18.25,43.0,5.0,0.89,US,37.3394,-121.895,1653101444.0
204,rabak,28.73,48.0,9.0,4.1,SD,13.1809,32.74,1653101516.0
205,tabiauea,,,,,,,,
206,butka,6.35,88.0,100.0,3.43,RU,56.7179,63.7866,1653101516.0
207,wawa,25.27,80.0,69.0,2.91,NG,9.9022,4.4192,1653101516.0
208,nizhneyansk,,,,,,,,
209,rawson,13.8,48.0,1.0,9.08,AR,-43.3002,-65.1023,1653101517.0
210,tunduru,,,,,,,,
211,nizhniy dzhengutay,12.66,75.0,5.0,2.72,RU,42.7001,47.2449,1653101517.0
212,lavrentiya,2.24,94.0,39.0,3.59,RU,65.5833,-171.0,1653101518.0
213,boende,21.18,98.0,100.0,1.29,CD,-0.2167,20.8667,1653101518.0
214,vryburg,6.28,69.0,62.0,4.76,ZA,-26.9566,24.7284,1653101518.0
215,ossora,3.81,86.0,99.0,3.3,RU,59.2353,163.0719,1653101519.0
216,bud,25.26,69.0,7.0,5.88,US,39.447,-86.1758,1653101519.0
217,bubaque,25.75,80.0,37.0,6.04,GW,11.2833,-15.8333,1653101519.0
218,ancud,10.76,93.0,100.0,4.97,CL,-41.8697,-73.8203,1653101359.0
219,abaete,10.78,61.0,0.0,1.16,BR,-19.16,-45.4458,1653101520.0
220,buderim,17.45,96.0,100.0,2.24,AU,-26.6833,153.05,1653101520.0
221,jaguarao,8.45,89.0,4.0,3.27,BR,-32.5661,-53.3758,1653101274.0
222,ust-kut,19.68,46.0,95.0,3.77,RU,56.7938,105.7672,1653101520.0
223,new bern,24.55,83.0,10.0,3.77,US,35.1085,-77.0441,1653101520.0
224,solana beach,16.21,83.0,96.0,3.13,US,32.9912,-117.2711,1653101521.0
225,ust-ilimsk,19.8,42.0,100.0,2.88,RU,58.0006,102.6619,1653101521.0
226,kodinsk,20.72,31.0,26.0,4.94,RU,58.6881,99.1844,1653101521.0
227,wajima,19.03,63.0,100.0,2.29,JP,37.4,136.9,1653101522.0
228,trebinje,14.5,65.0,6.0,2.11,BA,42.7119,18.3442,1653101522.0
229,sabancuy,31.36,57.0,77.0,5.33,MX,18.9667,-91.1833,1653101522.0
230,kutum,23.88,16.0,2.0,7.04,SD,14.2,24.6667,1653101523.0
231,dumai,27.66,80.0,95.0,0.91,ID,1.6833,101.45,1653101523.0
232,samarai,28.21,74.0,27.0,3.66,PG,-10.6167,150.6667,1653101523.0
233,vostok,21.49,38.0,89.0,3.96,RU,46.4856,135.8833,1653101524.0
234,mbouda,16.76,93.0,100.0,0.32,CM,5.6258,10.2552,1653101524.0
235,samusu,,,,,,,,
236,tuggurt,,,,,,,,
237,west richland,16.06,50.0,51.0,3.58,US,46.3043,-119.3614,1653101524.0
238,fort nelson,12.78,32.0,4.0,1.37,CA,58.8053,-122.7002,1653101525.0
239,drexel hill,21.11,92.0,100.0,0.89,US,39.9471,-75.2921,1653101500.0
240,ngunguru,16.49,64.0,100.0,6.76,NZ,-35.6167,174.5,1653101525.0
241,makakilo city,25.89,80.0,78.0,1.69,US,21.3469,-158.0858,1653101525.0
242,portland,14.1,64.0,52.0,1.34,US,45.5234,-122.6762,1653101186.0
243,hofn,8.56,96.0,100.0,4.47,IS,64.2539,-15.2082,1653101526.0
244,mayo,26.89,71.0,100.0,2.24,US,38.8876,-76.5119,1653101526.0
245,tuktoyaktuk,0.85,94.0,100.0,2.42,CA,69.4541,-133.0374,1653101526.0
246,les escoumins,10.71,77.0,100.0,7.01,CA,48.1111,-69.0236,1653101527.0
247,namibe,18.54,64.0,44.0,1.38,AO,-15.1961,12.1522,1653101527.0
248,oyama,20.33,66.0,100.0,1.19,JP,36.3,139.8,1653101527.0
249,jamsa,2.3,70.0,2.0,2.04,FI,61.8642,25.19,1653101528.0
250,atar,28.09,24.0,70.0,2.82,MR,20.5169,-13.0499,1653101528.0
251,lebu,10.0,91.0,48.0,3.22,CL,-37.6167,-73.65,1653101528.0
252,othonoi,,,,,,,,
253,souillac,23.12,80.0,31.0,6.88,MU,-20.5167,57.5167,1653101529.0
254,launceston,14.75,68.0,7.0,0.45,AU,-41.45,147.1667,1653101529.0
255,samarinda,27.69,90.0,71.0,1.64,ID,-0.5,117.15,1653101529.0
256,labuhan,26.37,81.0,100.0,0.13,ID,-6.8844,112.2051,1653101530.0
257,iqaluit,-2.39,92.0,94.0,4.02,CA,63.7506,-68.5145,1653101530.0
258,salalah,26.37,81.0,79.0,1.22,OM,17.0151,54.0924,1653101530.0
259,sungaipenuh,25.69,57.0,91.0,0.76,ID,-2.0833,101.3833,1653101531.0
260,cedar city,6.89,24.0,0.0,4.02,US,37.6775,-113.0619,1653101531.0
261,meyungs,,,,,,,,
262,kodiak,7.09,85.0,100.0,9.57,US,57.79,-152.4072,1653101531.0
263,masty,10.75,92.0,100.0,0.75,BY,53.4122,24.5387,1653101532.0
264,alice springs,20.68,32.0,68.0,6.36,AU,-23.7,133.8833,1653101532.0
265,saryshagan,,,,,,,,
266,kruisfontein,12.16,89.0,86.0,3.56,ZA,-34.0033,24.7314,1653101532.0
267,brignais,17.91,82.0,76.0,1.41,FR,45.6736,4.7548,1653101533.0
268,el zulia,23.59,75.0,12.0,2.06,CO,7.9325,-72.6012,1653101533.0
269,yekaterinoslavka,16.95,47.0,94.0,5.98,RU,50.3734,129.1139,1653101533.0
270,peniche,22.84,70.0,98.0,2.75,PT,39.3558,-9.3811,1653101534.0
271,duz,,,,,,,,
272,ponta delgada,19.17,87.0,100.0,2.23,PT,37.7333,-25.6667,1653100960.0
273,nikolsk,2.33,83.0,14.0,4.96,RU,53.7189,46.0712,1653101534.0
274,honiara,29.56,68.0,41.0,3.68,SB,-9.4333,159.95,1653101534.0
275,baykit,16.71,50.0,99.0,2.64,RU,61.67,96.37,1653101535.0
276,khandyga,12.16,41.0,59.0,1.72,RU,62.6667,135.6,1653101535.0
277,suleja,23.83,83.0,100.0,1.39,NG,9.1758,7.1808,1653101535.0
278,barrow,0.07,99.0,100.0,2.17,US,71.2906,-156.7887,1653101536.0
279,hazorasp,25.53,22.0,52.0,5.75,UZ,41.3194,61.0742,1653101536.0
280,sitka,14.84,55.0,15.0,1.14,US,57.0531,-135.33,1653101536.0
281,hurghada,25.59,40.0,50.0,8.72,EG,27.2574,33.8129,1653101537.0
282,sao felix do xingu,20.8,79.0,33.0,0.6,BR,-6.6447,-51.995,1653101537.0
283,yaring,28.49,68.0,80.0,5.38,TH,6.8662,101.3689,1653101537.0
284,suntar,16.02,47.0,93.0,1.79,RU,62.1444,117.6319,1653101537.0
285,santa ana,17.0,81.0,74.0,1.34,US,33.7456,-117.8678,1653101480.0
286,novosheshminsk,2.82,94.0,100.0,6.58,RU,55.0651,51.2338,1653101538.0
287,calderitas,27.83,79.0,89.0,7.43,MX,18.55,-88.25,1653101538.0
288,upernavik,-9.18,98.0,81.0,3.75,GL,72.7868,-56.1549,1653101539.0
289,bonavista,5.09,75.0,0.0,2.57,CA,48.6499,-53.1147,1653101539.0
290,eskisehir,8.24,57.0,0.0,2.46,TR,39.7767,30.5206,1653101539.0
291,beyneu,13.73,59.0,100.0,10.32,KZ,45.3167,55.2,1653101539.0
292,odweyne,23.3,60.0,99.0,5.43,SO,9.4092,45.064,1653101540.0
293,sorong,31.08,58.0,31.0,2.07,ID,-0.8833,131.25,1653101540.0
294,jaguarari,18.72,89.0,100.0,2.8,BR,-10.2639,-40.1958,1653101540.0
295,dingle,28.38,71.0,98.0,2.69,PH,10.9995,122.6711,1653101541.0
296,cassilandia,10.49,61.0,0.0,1.16,BR,-19.1133,-51.7342,1653101483.0
297,sosnovo,3.56,76.0,81.0,2.57,RU,60.5514,30.2144,1653101541.0
298,poum,25.7,81.0,10.0,3.88,NC,-20.2333,164.0167,1653101541.0
299,kafanchan,21.96,87.0,100.0,1.62,NG,9.5833,8.3,1653101542.0
300,albert,10.88,91.0,70.0,3.45,FR,50.0009,2.651,1653101542.0
301,rungata,,,,,,,,
302,chizhou,24.94,55.0,2.0,2.47,CN,30.6578,117.4831,1653101543.0
303,umzimvubu,,,,,,,,
304,tabuk,29.75,67.0,96.0,2.03,PH,17.4189,121.4443,1653101028.0
305,otukpo,22.9,95.0,99.0,2.48,NG,7.1913,8.1329,1653101543.0
306,hambantota,28.15,77.0,66.0,7.38,LK,6.1241,81.1185,1653101543.0
307,praia da vitoria,17.64,98.0,96.0,3.45,PT,38.7333,-27.0667,1653101544.0
308,kudahuvadhoo,28.68,75.0,46.0,4.77,MV,2.6708,72.8944,1653101544.0
309,santa isabel do rio negro,21.0,99.0,100.0,0.89,BR,-0.4139,-65.0192,1653101544.0
310,sakakah,23.52,22.0,0.0,6.07,SA,29.9697,40.2064,1653101545.0
311,naples,17.84,76.0,16.0,2.17,IT,40.8333,14.25,1653101416.0
312,marrakesh,21.86,54.0,80.0,2.76,MA,31.6315,-8.0083,1653101545.0
313,port augusta,19.5,37.0,0.0,3.57,AU,-32.5,137.7667,1653101545.0
314,bilibino,6.43,76.0,100.0,1.24,RU,68.0546,166.4372,1653101546.0
315,log,6.65,65.0,70.0,3.03,RU,49.4844,43.8613,1653101546.0
316,riyadh,30.63,12.0,0.0,2.73,SA,24.6877,46.7219,1653101510.0
317,carutapera,22.57,96.0,100.0,1.89,BR,-1.195,-46.02,1653101546.0
318,srednekolymsk,15.5,33.0,65.0,4.48,RU,67.45,153.6833,1653101547.0
319,moerai,25.02,70.0,4.0,2.72,PF,-22.4333,-151.3333,1653101547.0
320,cortez,9.28,53.0,59.0,4.53,US,37.3489,-108.5859,1653101140.0
321,emba,7.77,79.0,100.0,8.4,KZ,48.8264,58.1442,1653101547.0
322,lombardia,27.26,42.0,2.0,0.8,MX,19.15,-102.0333,1653101548.0
323,meulaboh,28.55,71.0,100.0,0.95,ID,4.1363,96.1285,1653101548.0
324,ilulissat,-2.55,82.0,100.0,2.18,GL,69.2167,-51.1,1653101548.0
325,shambu,11.82,73.0,82.0,0.92,ET,9.5667,37.1,1653101548.0
326,bengkulu,28.97,65.0,61.0,1.1,ID,-3.8004,102.2655,1653101549.0
327,kloulklubed,28.09,78.0,91.0,3.94,PW,7.0419,134.2556,1653101549.0
328,aketi,21.43,98.0,100.0,1.1,CD,2.7388,23.7833,1653101549.0
329,ippy,20.4,96.0,100.0,3.27,CF,6.2679,21.2247,1653101550.0
330,pittenweem,9.67,86.0,24.0,7.25,GB,56.2141,-2.7284,1653101550.0
331,iralaya,27.03,85.0,100.0,7.09,HN,15.0,-83.2333,1653101550.0
332,hithadhoo,28.31,71.0,18.0,3.73,MV,-0.6,73.0833,1653101551.0
333,beringovskiy,1.61,87.0,100.0,2.72,RU,63.05,179.3167,1653101551.0
334,kedrovyy,18.26,46.0,100.0,6.8,RU,56.1667,91.8167,1653101551.0
335,rocha,8.08,88.0,70.0,2.74,UY,-34.4833,-54.3333,1653101552.0
336,bondoukou,22.25,97.0,97.0,2.81,CI,8.0333,-2.8,1653101552.0
337,port blair,28.67,80.0,100.0,9.02,IN,11.6667,92.75,1653101552.0
338,mariinsk,16.85,53.0,100.0,6.24,RU,56.2139,87.7472,1653101553.0
339,kasama,13.39,97.0,99.0,1.74,ZM,-10.2129,31.1808,1653101553.0
340,lorengau,28.76,77.0,100.0,4.22,PG,-2.0226,147.2712,1653101553.0
341,kamphaeng phet,23.86,97.0,100.0,3.16,TH,16.25,99.5,1653101553.0
342,manaure,27.44,73.0,6.0,7.23,CO,11.7751,-72.4445,1653101554.0
343,pulandian,26.95,33.0,5.0,5.55,CN,39.3953,121.9669,1653101554.0
344,fort frances,1.7,65.0,100.0,2.68,CA,48.5999,-93.4003,1653101554.0
345,kang,5.65,77.0,60.0,7.05,BW,-23.6752,22.7876,1653101555.0
346,kununurra,32.74,29.0,0.0,7.97,AU,-15.7667,128.7333,1653101481.0
347,moree,19.12,56.0,100.0,4.79,AU,-29.4667,149.85,1653101555.0
348,riaba,,,,,,,,
349,port hardy,10.83,77.0,0.0,4.53,CA,50.6996,-127.4199,1653101555.0
350,punta cardon,26.41,80.0,3.0,13.95,VE,11.6581,-70.215,1653101556.0
351,guerrero negro,17.58,77.0,0.0,5.77,MX,27.9769,-114.0611,1653101556.0
352,port hedland,27.86,51.0,29.0,5.33,AU,-20.3167,118.5667,1653101556.0
353,paradwip,,,,,,,,
354,dien bien,,,,,,,,
355,iwanai,22.75,44.0,100.0,2.99,JP,42.9744,140.5089,1653101557.0
356,galiwinku,,,,,,,,
357,sergeyevka,19.54,51.0,100.0,6.75,KZ,53.88,67.4158,1653101557.0
358,preobrazheniye,15.98,64.0,31.0,2.35,RU,42.9019,133.9064,1653101557.0
359,lakes entrance,15.65,62.0,0.0,2.34,AU,-37.8811,147.981,1653101558.0
360,mazatlan,23.9,88.0,0.0,0.89,MX,23.2167,-106.4167,1653101127.0
361,tura,26.43,83.0,16.0,2.34,IN,25.5198,90.2201,1653101558.0
362,ca mau,33.02,52.0,79.0,4.57,VN,9.1769,105.15,1653101558.0
363,alugan,29.49,72.0,100.0,4.63,PH,12.2188,125.4808,1653101559.0
364,elko,9.24,28.0,11.0,3.58,US,41.0002,-115.5012,1653101115.0
365,kirakira,28.96,71.0,74.0,3.28,SB,-10.4544,161.9205,1653101559.0
366,santana do acarau,22.54,98.0,93.0,0.24,BR,-3.4606,-40.2122,1653101559.0
367,tanete,30.77,59.0,62.0,5.14,ID,-3.9443,119.7848,1653101560.0
368,santa catarina de tepehuanes,14.81,41.0,0.0,3.58,MX,25.35,-105.7333,1653101560.0
369,boa vista,24.99,83.0,40.0,3.09,BR,2.8197,-60.6733,1653101503.0
370,teya,15.11,58.0,100.0,5.6,RU,60.3778,92.6267,1653101560.0
371,comayagua,22.99,92.0,96.0,1.49,HN,14.45,-87.6333,1653101506.0
372,uralskiy,,,,,,,,
373,talnakh,6.23,89.0,95.0,3.75,RU,69.4865,88.3972,1653101561.0
374,artyk,,,,,,,,
375,altay,22.97,30.0,1.0,0.28,CN,47.8667,88.1167,1653101561.0
376,richmond,26.04,73.0,91.0,3.15,US,37.5538,-77.4603,1653101561.0
377,norman wells,12.07,59.0,82.0,4.72,CA,65.282,-126.8329,1653101562.0
378,tabas,29.42,12.0,13.0,2.4,IR,33.5959,56.9244,1653101562.0
379,caravelas,20.46,72.0,0.0,2.51,BR,-17.7125,-39.2481,1653101562.0
380,yanan,,,,,,,,
381,catuday,27.94,73.0,97.0,4.22,PH,16.2923,119.8062,1653101563.0
382,puerto ayacucho,23.4,88.0,16.0,2.03,VE,5.6639,-67.6236,1653101563.0
383,andevoranto,,,,,,,,
384,suileng,21.29,34.0,18.0,6.83,CN,47.25,127.0833,1653101564.0
385,alta floresta,17.75,69.0,91.0,0.7,BR,-9.8756,-56.0861,1653101471.0
386,sataua,,,,,,,,
387,lasa,14.09,81.0,81.0,2.2,IT,46.6166,10.7002,1653101564.0
388,hvide sande,10.05,79.0,100.0,5.43,DK,56.0045,8.1294,1653101564.0
389,rehoboth,0.26,68.0,0.0,1.46,NA,-23.3167,17.0833,1653101565.0
390,zaraza,25.48,74.0,0.0,3.78,VE,9.3503,-65.3245,1653101565.0
391,skibbereen,12.84,92.0,100.0,4.93,IE,51.55,-9.2667,1653101565.0
392,sorvag,,,,,,,,
393,kaeo,16.85,66.0,100.0,4.96,NZ,-35.1,173.7833,1653101566.0
394,mergui,,,,,,,,
395,pangnirtung,-2.96,89.0,100.0,2.16,CA,66.1451,-65.7125,1653101566.0
396,kota kinabalu,29.93,70.0,100.0,2.24,MY,5.9749,116.0724,1653101294.0
397,katsuura,18.12,80.0,100.0,4.99,JP,35.1333,140.3,1653101566.0
398,talaya,3.16,86.0,100.0,1.99,RU,61.3833,152.75,1653101567.0
399,gondanglegi,26.96,80.0,100.0,1.18,ID,-7.7479,112.0132,1653101567.0
400,flinders,18.67,71.0,88.0,1.34,AU,-34.5833,150.8552,1653101567.0
401,malanje,15.17,96.0,0.0,1.75,AO,-9.5402,16.341,1653101568.0
402,shakawe,9.09,28.0,3.0,3.73,BW,-18.3667,21.85,1653101568.0
403,san cristobal,18.51,87.0,12.0,1.42,VE,7.7669,-72.225,1653101568.0
404,san miguel,24.07,94.0,91.0,0.56,SV,13.4833,-88.1833,1653101569.0
405,san policarpo,29.17,74.0,100.0,4.75,PH,12.1791,125.5072,1653101569.0
406,prince rupert,12.72,74.0,7.0,1.12,CA,54.3161,-130.3201,1653101569.0
407,itarema,24.61,87.0,64.0,1.66,BR,-2.9248,-39.9167,1653101569.0
408,muros,18.24,77.0,72.0,3.63,ES,42.7762,-9.0603,1653101570.0
409,sadat,33.33,48.0,38.0,5.03,IN,25.6833,83.2833,1653101570.0
410,ternate,28.65,73.0,93.0,1.69,ID,0.8,127.4,1653101570.0
411,liverpool,11.6,79.0,63.0,3.13,GB,53.4106,-2.9779,1653101521.0
412,santiago,14.36,70.0,0.0,0.93,CL,-33.4569,-70.6483,1653100968.0
413,constitucion,10.6,85.0,2.0,3.48,CL,-35.3333,-72.4167,1653101571.0
414,vestbygda,,,,,,,,
415,manoel urbano,19.98,81.0,69.0,0.49,BR,-8.8389,-69.2597,1653101571.0
416,hihifo,,,,,,,,
417,gazli,27.73,16.0,0.0,2.74,UZ,40.1333,63.45,1653101572.0
418,bambanglipuro,27.88,75.0,99.0,1.16,ID,-7.95,110.2833,1653101572.0
419,taunggyi,21.1,75.0,100.0,1.77,MM,20.7833,97.0333,1653101572.0
420,taraz,22.25,45.0,47.0,3.29,KZ,42.9,71.3667,1653101573.0
421,chulman,6.92,75.0,95.0,3.12,RU,56.8479,124.9104,1653101573.0
422,tigil,8.81,74.0,100.0,4.19,RU,57.8,158.6667,1653101573.0
423,filadelfia,21.11,92.0,99.0,1.79,US,39.9523,-75.1638,1653101286.0
424,brahmapuri,,,,,,,,
425,san luis,10.31,44.0,97.0,2.18,AR,-33.295,-66.3356,1653101574.0
426,tadine,23.33,90.0,100.0,11.46,NC,-21.55,167.8833,1653101574.0
427,dawson creek,7.0,53.0,64.0,0.69,CA,55.7666,-120.2362,1653101574.0
428,rosetta,19.28,85.0,21.0,6.7,EG,31.4044,30.4164,1653101575.0
429,namtsy,4.76,95.0,100.0,2.1,RU,62.7161,129.6658,1653101575.0
430,sangmelima,20.01,98.0,100.0,0.12,CM,2.9333,11.9833,1653101575.0
431,marzuq,24.15,20.0,34.0,1.46,YE,14.4,46.4667,1653101576.0
432,aykhal,5.62,77.0,62.0,3.57,RU,66.0,111.5,1653101576.0
433,haimen,24.8,78.0,83.0,4.2,CN,23.1935,116.6142,1653101576.0
434,stephenville crossing,6.59,69.0,100.0,0.51,CA,48.5,-58.4318,1653101576.0
435,grand-santi,22.48,100.0,100.0,0.8,GF,4.25,-54.3833,1653101577.0
436,raglan,15.64,66.0,53.0,8.99,NZ,-37.8,174.8833,1653101407.0
437,guaymas,23.03,62.0,0.0,4.46,MX,27.9333,-110.9,1653101574.0
438,kikwit,21.04,97.0,93.0,0.68,CD,-5.041,18.8162,1653101577.0
439,akdepe,18.55,50.0,97.0,10.35,TM,42.0551,59.3788,1653101577.0
440,beira,21.8,91.0,96.0,3.51,MZ,-19.8436,34.8389,1653101578.0
441,kainantu,20.62,79.0,74.0,1.59,PG,-6.2887,145.8655,1653101578.0
442,birjand,23.81,19.0,1.0,1.35,IR,32.8663,59.2211,1653101578.0
443,khor,18.88,65.0,100.0,5.14,RU,47.8861,134.9464,1653101579.0
444,orodara,25.25,67.0,38.0,4.54,BF,10.9492,-4.9342,1653101579.0
445,moindou,25.54,79.0,62.0,9.02,NC,-21.6924,165.677,1653101579.0
446,bilma,29.27,13.0,42.0,8.22,NE,18.6853,12.9164,1653101580.0
447,hirado,19.15,70.0,7.0,6.58,JP,33.3597,129.5531,1653101580.0
448,madang,29.69,64.0,38.0,2.75,PG,-5.2246,145.7966,1653101580.0
449,bur gabo,,,,,,,,
450,ahuimanu,26.69,83.0,94.0,0.89,US,21.4447,-157.8378,1653101581.0
451,margate,10.22,91.0,65.0,0.89,GB,51.3813,1.3862,1653101581.0
452,anajatuba,22.56,97.0,100.0,0.24,BR,-3.2644,-44.6197,1653101581.0
453,ust-nera,4.85,63.0,88.0,1.78,RU,64.5667,143.2,1653101582.0
454,saleaula,,,,,,,,
455,port lincoln,15.82,61.0,0.0,6.59,AU,-34.7333,135.8667,1653101582.0
456,matara,27.22,86.0,67.0,4.47,LK,5.9485,80.5353,1653101582.0
457,nakamura,15.5,95.0,100.0,4.02,JP,32.9833,132.9333,1653101583.0
458,barawe,,,,,,,,
459,luanda,20.83,90.0,0.0,2.45,AO,-8.8368,13.2343,1653101397.0
460,jiroft,,,,,,,,
461,camacha,16.72,77.0,0.0,6.62,PT,33.0833,-16.3333,1653101583.0
462,oranjemund,10.61,87.0,8.0,1.98,NA,-28.55,16.4333,1653101583.0
463,estelle,27.35,75.0,0.0,5.81,US,29.8458,-90.1067,1653101584.0
464,kargasok,10.6,50.0,33.0,7.16,RU,59.0556,80.8572,1653101584.0
465,abiy adi,,,,,,,,
466,navahrudak,8.7,96.0,97.0,1.88,BY,53.6,25.8333,1653101585.0
467,bemidji,3.78,89.0,92.0,2.24,US,47.4736,-94.8803,1653101585.0
468,hamilton,26.14,66.0,0.0,0.89,US,39.1834,-84.5333,1653101388.0
469,butterworth,30.61,70.0,95.0,1.34,MY,5.3991,100.3638,1653101585.0
470,padang,29.21,67.0,96.0,1.24,ID,-0.9492,100.3543,1653101586.0
471,urengoy,8.03,64.0,99.0,5.14,RU,65.9667,78.3667,1653101586.0
472,nanyang,26.71,43.0,99.0,2.82,CN,32.9947,112.5328,1653101586.0
473,shawinigan,19.45,75.0,87.0,5.97,CA,46.5668,-72.7491,1653101384.0
474,shellbrook,3.71,63.0,100.0,2.64,CA,53.2168,-106.4011,1653101517.0
475,gazojak,27.68,14.0,55.0,5.86,TM,41.1875,61.4036,1653101587.0
476,khash,25.55,16.0,0.0,1.88,IR,28.2211,61.2158,1653101587.0
477,broome,18.63,83.0,98.0,4.47,US,42.2506,-75.833,1653101587.0
478,lovozero,-0.24,83.0,98.0,3.28,RU,68.005,35.0117,1653101588.0
479,wukari,25.6,78.0,100.0,2.94,NG,7.85,9.7833,1653101588.0
480,khasan,16.67,69.0,53.0,3.52,RU,42.4308,130.6434,1653101588.0
481,ustye,1.29,65.0,99.0,1.39,RU,59.6304,39.736,1653101589.0
482,la tuque,17.73,84.0,60.0,5.85,CA,47.4334,-72.7824,1653101589.0
483,burnie,15.52,55.0,62.0,1.32,AU,-41.0667,145.9167,1653101589.0
484,utiroa,,,,,,,,
485,abu zabad,27.71,55.0,10.0,4.72,SD,12.35,29.25,1653101590.0
486,erzin,16.61,38.0,0.0,2.29,TR,36.9559,36.2,1653101590.0
487,cody,3.0,71.0,81.0,1.34,US,44.5263,-109.0565,1653101534.0
488,nanakuli,26.68,82.0,87.0,1.66,US,21.3906,-158.1547,1653101590.0
489,bethel,16.33,92.0,100.0,1.55,US,41.3712,-73.414,1653101591.0
490,natal,24.26,91.0,36.0,2.29,BR,-5.795,-35.2094,1653101591.0
491,kingisepp,4.54,65.0,3.0,3.35,RU,59.3733,28.6134,1653101591.0
492,songadh,29.68,58.0,15.0,6.98,IN,21.1667,73.5667,1653101592.0
493,buri,7.95,84.0,0.0,1.01,BR,-23.7975,-48.5928,1653101592.0
494,nizwa,32.56,21.0,22.0,0.31,OM,22.9333,57.5333,1653101592.0
495,kampot,30.76,67.0,90.0,5.12,KH,10.6167,104.1833,1653101593.0
496,sulangan,28.97,69.0,100.0,1.25,PH,11.1373,123.7228,1653101593.0
497,marcona,,,,,,,,
498,inta,0.55,70.0,100.0,5.41,RU,66.0317,60.1659,1653101593.0
499,saldanha,14.16,77.0,13.0,4.17,ZA,-33.0117,17.9442,1653101594.0
500,sal rei,21.28,85.0,70.0,6.33,CV,16.1833,-22.9167,1653101594.0
501,vanimo,30.01,66.0,61.0,3.39,PG,-2.6741,141.3028,1653101594.0
502,sogdiondon,,,,,,,,
503,mairipora,11.42,93.0,0.0,0.99,BR,-23.3186,-46.5867,1653101595.0
504,vanavara,18.75,40.0,5.0,2.4,RU,60.34,102.2797,1653101595.0
505,kalawit,29.98,69.0,90.0,1.09,PH,8.0667,122.5167,1653101595.0
506,vaitape,26.89,71.0,21.0,3.61,PF,-16.5167,-151.75,1653101596.0
507,karaul,,,,,,,,
508,kaseda,16.94,89.0,100.0,5.0,JP,31.4167,130.3167,1653101596.0
509,mut,14.53,45.0,0.0,3.24,TR,36.6439,33.4389,1653101596.0
510,varhaug,9.33,89.0,100.0,4.41,NO,58.6147,5.6457,1653101597.0
511,nadvoitsy,1.12,66.0,85.0,2.0,RU,63.8667,34.3167,1653101597.0
512,ust-uda,11.97,91.0,100.0,3.38,RU,54.1742,103.0304,1653101597.0
513,tiznit,19.24,73.0,28.0,0.99,MA,29.5833,-9.5,1653101598.0
514,gerash,29.95,14.0,0.0,0.87,IR,27.6652,54.1371,1653101598.0
515,komsomolskiy,24.22,39.0,42.0,1.79,UZ,40.4272,71.7189,1653101598.0
516,san julian,22.94,17.0,24.0,5.73,MX,21.0167,-102.1667,1653101598.0
517,mwinilunga,13.64,76.0,1.0,0.97,ZM,-11.7358,24.4293,1653101599.0
518,hobyo,25.99,83.0,85.0,8.81,SO,5.3505,48.5268,1653101599.0
519,malakal,27.44,59.0,40.0,2.24,SS,9.5334,31.6605,1653101599.0
520,sambava,21.45,86.0,21.0,5.1,MG,-14.2667,50.1667,1653101600.0
521,nioro,24.24,70.0,39.0,3.61,GM,13.35,-15.75,1653101600.0
522,san quintin,16.62,76.0,53.0,2.42,MX,30.4833,-115.95,1653101600.0
523,saint-francois,17.6,88.0,100.0,1.2,FR,46.4154,3.9054,1653101602.0
524,warrnambool,16.01,62.0,2.0,2.83,AU,-38.3833,142.4833,1653101603.0
525,valle de allende,21.14,15.0,0.0,9.23,MX,26.9333,-105.4,1653101604.0
526,manado,29.37,74.0,74.0,1.41,ID,1.487,124.8455,1653101605.0
527,cabedelo,25.04,85.0,94.0,3.53,BR,-6.9811,-34.8339,1653101605.0
528,detchino,5.25,69.0,100.0,3.35,RU,54.8092,36.3075,1653101605.0
529,coihaique,4.67,95.0,90.0,2.69,CL,-45.5752,-72.0662,1653101348.0
530,karasuk,21.11,41.0,79.0,4.06,RU,53.7377,78.0403,1653101606.0
531,oskemen,17.74,59.0,7.0,2.08,KZ,49.9565,82.6119,1653101606.0
532,matagami,15.14,92.0,100.0,5.06,CA,49.7502,-77.6328,1653101606.0
533,fernley,14.08,15.0,1.0,1.79,US,39.608,-119.2518,1653101430.0
534,macamic,12.56,92.0,100.0,6.82,CA,48.7502,-78.9996,1653101607.0
535,douentza,32.6,28.0,50.0,2.04,ML,14.9951,-2.9517,1653101607.0
536,bathsheba,26.75,68.0,93.0,8.26,BB,13.2167,-59.5167,1653101607.0
537,san jeronimo,7.38,80.0,22.0,1.33,PE,-11.9472,-75.2829,1653101608.0
538,touros,25.04,88.0,90.0,2.98,BR,-5.1989,-35.4608,1653101608.0
539,ambilobe,19.91,82.0,28.0,1.63,MG,-13.2,49.05,1653101608.0
540,kishtwar,22.73,26.0,88.0,0.8,IN,33.3167,75.7667,1653101608.0
541,welkom,7.97,76.0,95.0,6.77,ZA,-27.9864,26.7066,1653101609.0
542,iquique,17.47,72.0,87.0,0.7,CL,-20.2208,-70.1431,1653101609.0
543,treinta y tres,7.66,87.0,11.0,2.9,UY,-33.2333,-54.3833,1653101609.0
544,cascais,20.85,67.0,90.0,2.24,PT,38.6979,-9.4215,1653101610.0
545,grimari,,,,,,,,
546,tilichiki,3.58,88.0,100.0,1.71,RU,60.4667,166.1,1653101610.0
547,ipanguacu,23.28,92.0,100.0,2.63,BR,-5.4983,-36.855,1653101346.0
548,fomboni,27.57,64.0,31.0,4.63,KM,-12.28,43.7425,1653101610.0
549,ust-kamchatsk,,,,,,,,
550,mocuba,18.93,95.0,8.0,1.87,MZ,-16.8392,36.9856,1653101611.0
551,pinega,0.08,62.0,99.0,3.79,RU,64.7001,43.3936,1653101611.0
552,havre-saint-pierre,7.08,70.0,100.0,4.91,CA,50.2334,-63.5986,1653101611.0
553,abbeville,9.03,98.0,48.0,4.02,FR,50.1,1.8333,1653101612.0
554,vodnyy,0.23,73.0,100.0,4.32,RU,63.5046,53.4095,1653101612.0
555,akyab,29.84,72.0,100.0,1.33,MM,20.15,92.9,1653101612.0
556,karla,4.52,87.0,1.0,3.69,EE,59.3723,24.9275,1653101613.0
557,ariquemes,17.85,73.0,5.0,0.29,BR,-9.9133,-63.0408,1653101416.0
558,jinka,16.56,89.0,78.0,1.37,ET,5.65,36.65,1653101613.0
559,warwick,15.3,85.0,100.0,2.22,US,41.7001,-71.4162,1653101501.0
560,itupiranga,22.15,81.0,100.0,0.37,BR,-5.1347,-49.3267,1653101613.0
561,lata,24.08,37.0,100.0,2.37,PT,40.1629,-8.3327,1653101614.0
562,leshukonskoye,-0.35,61.0,11.0,4.17,RU,64.8989,45.7622,1653101614.0
563,talcahuano,10.83,86.0,8.0,1.38,CL,-36.7167,-73.1167,1653101484.0
564,mindyak,1.05,99.0,100.0,5.78,RU,54.0231,58.7891,1653101614.0
565,cervo,17.2,92.0,81.0,5.81,ES,43.6702,-7.4101,1653101615.0
566,russell,24.4,68.0,67.0,2.14,US,32.3502,-85.1999,1653101615.0
567,la ronge,4.22,46.0,87.0,2.26,CA,55.1001,-105.2842,1653101615.0
568,aksu,27.72,20.0,96.0,3.06,CN,41.1231,80.2644,1653101616.0
569,saint-joseph,18.39,81.0,17.0,5.37,RE,-21.3667,55.6167,1653101616.0
570,manono,20.81,70.0,85.0,1.65,CD,-7.3,27.4167,1653101616.0
571,segou,32.79,30.0,54.0,3.92,ML,13.4317,-6.2157,1653101617.0
572,tommot,11.05,58.0,45.0,2.93,RU,58.9564,126.2925,1653101617.0
573,sri aman,28.94,79.0,74.0,1.34,MY,1.2376,111.4621,1653101617.0
574,sarkand,23.11,33.0,87.0,0.62,KZ,45.41,79.9186,1653101617.0
575,mabaruma,23.57,84.0,31.0,2.23,GY,8.2,-59.7833,1653101618.0
576,kahului,28.25,79.0,49.0,3.13,US,20.8947,-156.47,1653101596.0
577,pingzhuang,30.66,12.0,73.0,1.89,CN,42.0372,119.2889,1653101618.0
578,sibu,32.53,56.0,41.0,0.76,MY,2.3,111.8167,1653101618.0
579,kostrzyn,16.2,99.0,90.0,4.92,PL,52.3985,17.2281,1653101619.0
580,doctor pedro p. pena,,,,,,,,
581,saint anthony,10.42,71.0,92.0,5.47,US,45.0205,-93.218,1653101619.0
582,zhanaozen,13.05,63.0,59.0,8.74,KZ,43.3,52.8,1653101619.0
583,port pirie,19.26,41.0,0.0,3.41,AU,-33.1833,138.0167,1653101620.0
584,biak,24.72,92.0,98.0,3.66,ID,-0.9131,122.8766,1653101620.0
585,general roca,11.46,52.0,56.0,8.36,AR,-39.0333,-67.5833,1653101620.0
586,lucea,26.03,75.0,100.0,1.39,JM,18.451,-78.1736,1653101621.0
587,sabang,28.64,76.0,100.0,7.78,ID,5.8933,95.3214,1653101621.0
588,severo-yeniseyskiy,13.43,56.0,100.0,5.4,RU,60.3725,93.0408,1653101621.0
589,gat,26.92,28.0,89.0,3.29,IL,31.61,34.7642,1653101622.0
590,inderborskiy,,,,,,,,
591,hvolsvollur,8.24,81.0,99.0,2.75,IS,63.7533,-20.2243,1653101622.0
592,pochutla,26.57,69.0,7.0,2.72,MX,15.7432,-96.4661,1653101622.0
593,baiyin,20.09,38.0,100.0,3.91,CN,36.5583,104.2081,1653101623.0
594,presidencia roque saenz pena,9.89,83.0,0.0,2.86,AR,-26.7852,-60.4388,1653101623.0
595,hami,28.75,21.0,2.0,4.51,CN,42.8,93.45,1653101623.0
596,dicabisagan,29.98,67.0,95.0,2.5,PH,17.0818,122.4157,1653101624.0
597,patuli,34.11,53.0,0.0,6.21,IN,23.55,88.25,1653101624.0
598,tuensang,25.73,63.0,5.0,1.33,IN,26.2833,94.8333,1653101624.0
599,manokwari,28.16,74.0,41.0,2.09,ID,-0.8667,134.0833,1653101624.0
600,bonthe,25.82,86.0,100.0,3.3,SL,7.5264,-12.505,1653101625.0
601,krasnoselkup,10.32,59.0,51.0,4.43,RU,65.7,82.4667,1653101625.0
602,mpulungu,21.16,68.0,100.0,2.16,ZM,-8.7623,31.1141,1653101625.0
603,kamina,19.32,68.0,89.0,0.53,CD,-8.7386,24.9906,1653101626.0
